MSGSIZES,1,2,4,8,16,32,64,128,256,512,1024,2048,4096,8192,16384,32768,65536,131072,262144,524288,1048576,2097152
L0_DUPLEX_1,0.9846,0.9796,0.9712,0.9797,0.9754,1.1334,1.7208,1.4442,1.3086,1.5576,2.1231,2.4834,3.3222,4.2688,8.5661,8.8194,10.8696,16.4365,31.8295,56.3487,104.9649,214.7046
L0_DUPLEX_2,0.9750,0.9737,0.9885,0.9738,0.9854,1.1310,1.1463,1.4730,1.3466,1.5590,2.0899,2.4819,3.3815,4.3045,8.9818,9.2752,11.0847,18.4013,37.2774,72.2149,136.4168,266.1099
L0_DUPLEX_3,0.9857,0.9951,0.9805,0.9950,0.9884,1.1472,1.1703,1.4855,1.3387,1.5873,2.1080,2.5503,3.5026,4.6125,10.1668,9.3634,11.5858,18.9209,39.2592,85.8074,166.0056,309.5084
L0_DUPLEX_4,0.9962,0.9880,0.9856,1.0004,0.9882,1.1663,1.1649,1.4714,1.3305,1.5777,2.1201,2.6375,3.5794,4.6116,9.0088,11.1165,12.4491,20.2938,43.4263,91.3589,177.0529,386.9941
L0_DUPLEX_5,1.1978,0.9898,0.9918,0.9959,0.9766,1.1687,1.1702,1.4665,1.3464,1.6119,2.1601,2.6547,3.7107,5.1564,11.6646,10.8486,14.5282,22.0773,43.2371,108.7734,204.5634,405.0437
L0_DUPLEX_6,1.0177,0.9927,1.0796,0.9842,1.0162,1.1775,1.1527,1.4745,1.3648,1.6001,2.1195,2.6410,3.6832,5.1198,9.8125,11.5916,16.5016,28.6614,61.1627,142.6007,287.9878,575.3104
L0_DUPLEX_7,1.4085,0.9946,1.0047,0.9833,1.0171,1.1500,1.1757,1.4790,1.3618,1.5952,2.1595,2.7627,3.9694,5.7558,9.8958,11.4013,16.0206,27.5853,57.8613,147.4381,292.4552,581.9960
L0_DUPLEX_8,0.9858,0.9931,1.0022,0.9898,1.0119,1.1582,1.1664,1.4878,1.3609,1.6083,2.1771,2.7609,3.9478,5.7512,9.9879,12.2282,16.0745,28.8312,72.9644,188.1370,379.1855,781.7245
L0_DUPLEX_9,1.0498,0.9904,1.0448,1.0021,0.9941,1.1747,1.1589,1.4838,1.3750,1.6232,2.2062,2.9865,4.3569,6.6259,10.5477,12.5767,16.9782,29.3308,72.8527,187.5983,376.4603,784.2332
L0_DUPLEX_10,1.0105,0.9936,1.0079,0.9951,1.0170,1.1738,1.1624,1.4869,1.3910,1.6268,2.2021,2.9774,4.2608,6.6451,15.8371,13.2821,18.0706,31.9872,88.3226,228.6261,487.5666,943.4747
L0_DUPLEX_11,1.0235,0.9914,1.0135,1.0623,0.9985,1.1776,1.1593,1.4805,1.4122,1.6614,2.5542,3.1529,4.7624,7.5918,16.7553,16.8358,18.7172,33.8875,100.3417,245.9689,491.7229,1013.0118
L0_DUPLEX_12,0.9921,1.0090,1.0064,0.9900,1.0145,1.1598,1.2008,1.4862,1.3970,1.6545,2.2695,3.1610,4.7102,7.6211,18.2318,14.2600,19.4402,32.8653,106.8063,273.6391,563.6651,1144.2912
L0_DUPLEX_13,0.9947,1.0342,1.0005,1.0224,1.0243,1.1624,1.1826,1.4935,1.4071,1.7124,2.3424,3.4252,5.2029,8.5805,18.8313,14.4180,19.2191,37.1168,112.1999,307.7387,626.8552,1273.7611
L0_DUPLEX_14,0.9992,0.9948,1.0235,1.0125,1.0308,1.1930,1.1661,1.4840,1.4159,1.7037,2.3851,7.7653,5.1999,8.6456,20.2487,15.4139,20.4274,39.4257,132.6076,318.1806,656.5315,1304.3739
L0_DUPLEX_15,1.0367,1.0287,1.0079,1.0030,1.0170,1.1620,1.2347,1.5104,1.4305,1.8210,2.5226,3.7816,6.2338,12.8573,20.0480,18.8747,23.6138,42.2141,136.3278,366.9053,726.8091,1470.6940
L0_PING_1,0.3540,0.3734,0.4320,0.3704,0.3936,0.3602,0.3796,0.7130,0.6378,0.7879,1.1274,1.2612,1.9070,2.5968,7.9772,7.9844,9.6579,14.2235,28.7798,52.5387,97.2000,190.8445
L0_PING_2,0.4296,0.4440,0.4418,0.4430,0.4445,0.4067,0.4214,0.7180,0.6477,0.7877,1.1362,1.2691,1.8934,2.6374,7.9877,8.0371,9.8063,16.4519,31.2750,59.3104,110.9973,214.7503
L0_PING_3,0.4224,0.4515,0.4257,0.4068,0.4048,0.3852,0.3923,0.7249,0.6555,0.7928,1.1490,1.3472,2.0196,2.8985,8.1396,8.1272,9.8090,15.5285,31.6158,59.2005,113.1340,222.6738
L0_PING_4,0.3992,0.4141,0.4215,0.4237,0.4161,0.4047,0.3976,0.7186,0.6604,0.7918,1.1428,1.3530,2.0603,2.9426,7.6871,8.3526,10.1642,16.9960,34.2308,66.8798,128.1450,249.8102
L0_PING_5,0.4249,0.4233,0.4366,0.4401,0.4289,0.4048,0.4306,0.7253,0.6586,0.8096,1.1635,1.4709,2.3350,3.4060,7.8354,13.0363,10.4051,16.2447,34.1843,81.6176,145.0751,290.2279
L0_PING_6,0.4265,0.4404,0.4144,0.4421,0.4266,0.4064,0.4068,0.7708,0.7177,0.8110,1.1528,1.5066,2.3736,3.4565,7.6952,8.3548,10.7981,19.6267,40.0062,91.3540,187.0247,384.1035
L0_PING_7,0.4326,0.4357,0.4478,0.4293,0.4391,0.4039,0.4232,0.7372,0.6778,0.8200,1.2025,1.7504,2.8260,4.1806,7.8845,8.3953,10.6478,19.9704,38.6372,104.8345,211.9467,427.4719
L0_PING_8,0.4389,0.4448,0.4325,0.4302,0.4356,0.4172,0.4067,0.7253,0.6753,0.8131,1.2072,1.7628,2.8347,4.1760,7.9041,8.4234,10.9100,20.0875,42.0565,119.5947,246.4719,521.3272
L0_PING_9,0.4542,0.4480,0.4334,0.4534,0.4461,0.4243,0.4296,0.7393,0.6726,0.8799,1.2526,1.9089,3.0744,4.7939,8.1239,8.5651,12.0114,24.5091,48.0252,126.6420,255.3930,521.5122
L0_PING_10,0.4400,0.4415,0.4531,0.4395,0.4536,0.4064,0.4127,0.7694,0.6778,0.8477,1.2406,1.9408,3.1388,8.0512,10.0970,9.0644,12.1115,34.9237,56.0317,143.3045,290.3855,610.2460
L0_PING_11,0.4624,0.4485,0.4544,0.4620,0.4554,0.4376,0.4409,0.7615,0.6829,0.8823,1.3364,2.1044,3.4930,5.6456,9.4323,8.8200,17.9867,29.2386,69.4260,168.0738,353.4298,702.2451
L0_PING_12,0.4573,0.4602,0.4466,0.4795,0.4507,0.4158,0.4476,0.7521,0.7029,0.8642,1.3322,2.1292,3.5702,5.6600,13.5474,9.3311,14.4401,29.3013,60.5837,178.5880,354.0731,711.4006
L0_PING_13,0.4533,0.4545,0.4603,0.4641,0.4631,0.4289,0.4434,4.6758,0.7592,0.9101,1.3993,2.3231,3.9190,6.3898,13.1692,9.4454,16.7227,34.0005,66.5379,183.4069,390.3009,799.8009
L0_PING_14,0.4827,0.4623,0.4513,0.4908,0.4584,0.4680,0.4681,0.7626,0.6959,0.9272,5.8387,2.3232,3.9246,6.4866,11.5622,9.6445,16.7164,33.9426,66.6377,220.0825,395.0842,806.6485
L0_PING_15,0.4609,0.4617,0.4574,0.4531,0.4622,0.4268,0.4255,0.8645,0.7648,0.9744,1.5967,2.5970,4.3711,7.3184,12.1346,9.9716,19.0831,38.9471,75.6484,208.2326,443.4694,902.3489
L0_INTER_DUPLEX_1,0.9846,0.9796,0.9712,0.9797,0.9754,1.1334,1.7208,1.4442,1.3086,1.5576,2.1231,2.4834,3.3222,4.2688,8.5661,8.8194,10.8696,16.4365,31.8295,56.3487,104.9649,214.7046
L0_INTER_DUPLEX_2,0.9750,0.9737,0.9885,0.9738,0.9854,1.1310,1.1463,1.4730,1.3466,1.5590,2.0899,2.4819,3.3815,4.3045,8.9818,9.2752,11.0847,18.4013,37.2774,72.2149,136.4168,266.1099
L0_INTER_DUPLEX_3,0.9857,0.9951,0.9805,0.9950,0.9884,1.1472,1.1703,1.4855,1.3387,1.5873,2.1080,2.5503,3.5026,4.6125,10.1668,9.3634,11.5858,18.9209,39.2592,85.8074,166.0056,309.5084
L0_INTER_DUPLEX_4,0.9962,0.9880,0.9856,1.0004,0.9882,1.1663,1.1649,1.4714,1.3305,1.5777,2.1201,2.6375,3.5794,4.6116,9.0088,11.1165,12.4491,20.2938,43.4263,91.3589,177.0529,386.9941
L0_INTER_DUPLEX_5,1.1978,0.9898,0.9918,0.9959,0.9766,1.1687,1.1702,1.4665,1.3464,1.6119,2.1601,2.6547,3.7107,5.1564,11.6646,10.8486,14.5282,22.0773,43.2371,108.7734,204.5634,405.0437
L0_INTER_DUPLEX_6,1.0177,0.9927,1.0796,0.9842,1.0162,1.1775,1.1527,1.4745,1.3648,1.6001,2.1195,2.6410,3.6832,5.1198,9.8125,11.5916,16.5016,28.6614,61.1627,142.6007,287.9878,575.3104
L0_INTER_DUPLEX_7,1.4085,0.9946,1.0047,0.9833,1.0171,1.1500,1.1757,1.4790,1.3618,1.5952,2.1595,2.7627,3.9694,5.7558,9.8958,11.4013,16.0206,27.5853,57.8613,147.4381,292.4552,581.9960
L0_INTER_DUPLEX_8,0.9858,0.9931,1.0022,0.9898,1.0119,1.1582,1.1664,1.4878,1.3609,1.6083,2.1771,2.7609,3.9478,5.7512,9.9879,12.2282,16.0745,28.8312,72.9644,188.1370,379.1855,781.7245
L0_INTER_DUPLEX_9,1.0498,0.9904,1.0448,1.0021,0.9941,1.1747,1.1589,1.4838,1.3750,1.6232,2.2062,2.9865,4.3569,6.6259,10.5477,12.5767,16.9782,29.3308,72.8527,187.5983,376.4603,784.2332
L0_INTER_DUPLEX_10,1.0105,0.9936,1.0079,0.9951,1.0170,1.1738,1.1624,1.4869,1.3910,1.6268,2.2021,2.9774,4.2608,6.6451,15.8371,13.2821,18.0706,31.9872,88.3226,228.6261,487.5666,943.4747
L0_INTER_DUPLEX_11,1.0235,0.9914,1.0135,1.0623,0.9985,1.1776,1.1593,1.4805,1.4122,1.6614,2.5542,3.1529,4.7624,7.5918,16.7553,16.8358,18.7172,33.8875,100.3417,245.9689,491.7229,1013.0118
L0_INTER_DUPLEX_12,0.9921,1.0090,1.0064,0.9900,1.0145,1.1598,1.2008,1.4862,1.3970,1.6545,2.2695,3.1610,4.7102,7.6211,18.2318,14.2600,19.4402,32.8653,106.8063,273.6391,563.6651,1144.2912
L0_INTER_DUPLEX_13,0.9947,1.0342,1.0005,1.0224,1.0243,1.1624,1.1826,1.4935,1.4071,1.7124,2.3424,3.4252,5.2029,8.5805,18.8313,14.4180,19.2191,37.1168,112.1999,307.7387,626.8552,1273.7611
L0_INTER_DUPLEX_14,0.9992,0.9948,1.0235,1.0125,1.0308,1.1930,1.1661,1.4840,1.4159,1.7037,2.3851,7.7653,5.1999,8.6456,20.2487,15.4139,20.4274,39.4257,132.6076,318.1806,656.5315,1304.3739
L0_INTER_DUPLEX_15,1.0367,1.0287,1.0079,1.0030,1.0170,1.1620,1.2347,1.5104,1.4305,1.8210,2.5226,3.7816,6.2338,12.8573,20.0480,18.8747,23.6138,42.2141,136.3278,366.9053,726.8091,1470.6940
L0_INTER_PING_1,0.3540,0.3734,0.4320,0.3704,0.3936,0.3602,0.3796,0.7130,0.6378,0.7879,1.1274,1.2612,1.9070,2.5968,7.9772,7.9844,9.6579,14.2235,28.7798,52.5387,97.2000,190.8445
L0_INTER_PING_2,0.4296,0.4440,0.4418,0.4430,0.4445,0.4067,0.4214,0.7180,0.6477,0.7877,1.1362,1.2691,1.8934,2.6374,7.9877,8.0371,9.8063,16.4519,31.2750,59.3104,110.9973,214.7503
L0_INTER_PING_3,0.4224,0.4515,0.4257,0.4068,0.4048,0.3852,0.3923,0.7249,0.6555,0.7928,1.1490,1.3472,2.0196,2.8985,8.1396,8.1272,9.8090,15.5285,31.6158,59.2005,113.1340,222.6738
L0_INTER_PING_4,0.3992,0.4141,0.4215,0.4237,0.4161,0.4047,0.3976,0.7186,0.6604,0.7918,1.1428,1.3530,2.0603,2.9426,7.6871,8.3526,10.1642,16.9960,34.2308,66.8798,128.1450,249.8102
L0_INTER_PING_5,0.4249,0.4233,0.4366,0.4401,0.4289,0.4048,0.4306,0.7253,0.6586,0.8096,1.1635,1.4709,2.3350,3.4060,7.8354,13.0363,10.4051,16.2447,34.1843,81.6176,145.0751,290.2279
L0_INTER_PING_6,0.4265,0.4404,0.4144,0.4421,0.4266,0.4064,0.4068,0.7708,0.7177,0.8110,1.1528,1.5066,2.3736,3.4565,7.6952,8.3548,10.7981,19.6267,40.0062,91.3540,187.0247,384.1035
L0_INTER_PING_7,0.4326,0.4357,0.4478,0.4293,0.4391,0.4039,0.4232,0.7372,0.6778,0.8200,1.2025,1.7504,2.8260,4.1806,7.8845,8.3953,10.6478,19.9704,38.6372,104.8345,211.9467,427.4719
L0_INTER_PING_8,0.4389,0.4448,0.4325,0.4302,0.4356,0.4172,0.4067,0.7253,0.6753,0.8131,1.2072,1.7628,2.8347,4.1760,7.9041,8.4234,10.9100,20.0875,42.0565,119.5947,246.4719,521.3272
L0_INTER_PING_9,0.4542,0.4480,0.4334,0.4534,0.4461,0.4243,0.4296,0.7393,0.6726,0.8799,1.2526,1.9089,3.0744,4.7939,8.1239,8.5651,12.0114,24.5091,48.0252,126.6420,255.3930,521.5122
L0_INTER_PING_10,0.4400,0.4415,0.4531,0.4395,0.4536,0.4064,0.4127,0.7694,0.6778,0.8477,1.2406,1.9408,3.1388,8.0512,10.0970,9.0644,12.1115,34.9237,56.0317,143.3045,290.3855,610.2460
L0_INTER_PING_11,0.4624,0.4485,0.4544,0.4620,0.4554,0.4376,0.4409,0.7615,0.6829,0.8823,1.3364,2.1044,3.4930,5.6456,9.4323,8.8200,17.9867,29.2386,69.4260,168.0738,353.4298,702.2451
L0_INTER_PING_12,0.4573,0.4602,0.4466,0.4795,0.4507,0.4158,0.4476,0.7521,0.7029,0.8642,1.3322,2.1292,3.5702,5.6600,13.5474,9.3311,14.4401,29.3013,60.5837,178.5880,354.0731,711.4006
L0_INTER_PING_13,0.4533,0.4545,0.4603,0.4641,0.4631,0.4289,0.4434,4.6758,0.7592,0.9101,1.3993,2.3231,3.9190,6.3898,13.1692,9.4454,16.7227,34.0005,66.5379,183.4069,390.3009,799.8009
L0_INTER_PING_14,0.4827,0.4623,0.4513,0.4908,0.4584,0.4680,0.4681,0.7626,0.6959,0.9272,5.8387,2.3232,3.9246,6.4866,11.5622,9.6445,16.7164,33.9426,66.6377,220.0825,395.0842,806.6485
L0_INTER_PING_15,0.4609,0.4617,0.4574,0.4531,0.4622,0.4268,0.4255,0.8645,0.7648,0.9744,1.5967,2.5970,4.3711,7.3184,12.1346,9.9716,19.0831,38.9471,75.6484,208.2326,443.4694,902.3489
L1_0_PING_1,0.2446,0.2423,0.2390,0.2376,0.2507,0.2497,0.3552,0.3297,0.3707,0.3735,0.5005,0.6371,0.7980,1.3024,10.8932,12.2203,13.9183,19.8734,29.7838,50.0300,90.6188,172.6042
L1_0_PING_2,0.6977,0.6907,0.7014,0.6896,0.7138,0.7179,0.8431,0.4489,0.4834,0.5456,0.7260,0.9302,1.3078,2.5564,11.9828,12.4644,14.8239,24.2073,42.4096,82.2245,162.1472,324.2193
L1_0_PING_3,0.6846,0.6807,0.6797,0.6842,0.6791,0.7190,0.8644,0.4427,0.5416,0.5782,0.7976,1.0544,1.9588,3.8322,13.2792,13.1323,18.0163,32.1694,61.7645,122.2359,242.2703,484.2421
L1_0_PING_4,0.7413,0.7257,0.7155,0.6993,0.7409,0.7605,0.8744,0.4589,0.5062,0.6076,0.7958,1.3692,2.6133,5.1215,12.8467,13.4442,20.9218,41.7789,81.9370,162.1455,322.7429,645.2601
L1_0_PING_5,0.7481,0.7611,0.7209,0.6980,0.7215,0.7208,0.8973,0.4378,0.5037,0.6419,0.9335,1.6992,3.2548,6.3746,12.6324,14.6628,25.7504,54.2561,101.6979,201.8133,401.8562,801.1875
L1_0_PING_6,0.7199,0.7339,0.6881,0.6990,0.7320,0.7252,0.8864,0.4748,0.5566,0.7354,1.1279,2.0410,3.9058,7.6471,12.9173,16.5037,30.7095,61.7781,122.5515,241.8734,482.2207,960.4012
L1_0_PING_7,0.7353,0.7209,0.7201,0.7691,0.7539,0.7658,0.8934,0.5582,0.6358,0.9030,1.3009,2.3778,4.5541,8.9203,13.6864,18.2934,35.6098,71.6051,142.1787,282.2132,560.8544,1122.3105
L1_0_PING_8,0.7257,0.7296,0.7258,0.7149,0.6996,0.7383,12.1019,12.9010,12.3584,13.0413,14.7321,17.7309,23.6832,24.8586,14.6636,23.2311,41.3638,82.8255,162.0227,321.1223,640.3957,1283.6235
L1_0_PING_9,0.7698,0.7608,0.8237,0.7661,0.7896,0.7783,1.4113,1.0172,1.1236,1.3206,2.0521,8.5276,19.5130,11.4803,20.8853,24.8519,46.9301,91.9938,202.1750,360.8971,720.2210,1443.5401
L1_0_PING_10,0.8812,0.8535,0.8623,0.8540,0.8744,0.8726,1.0137,1.0387,1.0732,1.5330,1.8688,3.4068,6.5482,12.7481,19.2672,27.5059,51.0006,103.4390,201.5329,400.6816,799.2224,1601.9179
L1_0_PING_11,0.8197,0.7902,0.7799,0.7785,0.7496,0.8177,13.0813,12.6322,13.7474,13.6984,15.3822,18.5308,24.7743,25.9245,18.3358,28.6540,56.4600,112.5450,221.3161,440.6514,882.5718,1763.3521
L1_0_PING_12,0.7711,0.7696,0.7523,0.7682,0.7834,0.7941,14.7449,14.5440,14.8630,15.8173,17.3127,20.8907,28.2779,29.0709,19.1217,31.0884,60.5864,122.2394,241.0965,480.6466,962.7151,1921.5350
L1_0_PING_13,0.8485,0.8189,0.8346,0.8113,0.7986,0.8535,13.1012,13.0252,13.3675,14.6216,15.8686,18.9548,25.5016,28.7794,21.8202,33.5945,65.7805,131.6024,261.3598,522.0176,1043.5805,2079.6001
L1_0_PING_14,0.9553,1.0074,0.9595,0.8973,0.8837,0.9614,13.8881,13.5243,14.1562,14.9197,16.7749,20.1188,26.4578,25.8326,23.7639,36.9238,70.7273,141.8171,281.7254,562.8269,1122.7415,2241.6132
L1_0_PING_15,0.9236,0.9136,0.8933,0.7737,0.7526,1.1219,13.0204,12.6206,13.5091,13.6941,15.4350,19.5218,25.1989,29.4449,22.8736,40.7247,75.8358,151.8000,301.7113,602.8806,1202.8453,2401.5239
L1_0_PING_16,1.1593,1.0563,1.1384,0.9911,1.1176,1.0758,12.9131,12.5063,13.2544,13.7986,15.3482,18.3549,24.7821,27.9106,23.3757,40.9825,80.9798,165.5849,321.7296,642.6259,1282.8909,2562.0245
L1_0_PING_17,1.0117,0.9011,0.9171,0.9031,0.8578,0.8610,12.8240,12.4495,13.0293,13.5988,15.2192,18.2931,24.7832,36.5615,25.8642,44.5834,85.8553,173.1490,343.3770,682.7889,1362.2138,2720.8577
L1_0_PING_18,1.1036,1.1383,1.1391,0.9937,0.9816,1.0780,13.7511,13.5694,14.5163,15.0470,16.6432,22.0452,24.2751,26.1435,26.7133,47.9397,91.8797,194.9687,362.6176,722.5717,1440.3182,2878.6043
L1_0_PING_19,1.1879,1.1732,1.2222,1.0783,1.1166,1.1083,13.8762,13.4131,14.0192,14.8426,16.8312,20.0155,28.0533,28.5032,29.7914,50.9459,96.9866,193.2354,383.7969,763.1342,1520.4225,3035.1931
L1_0_PING_20,1.0068,1.0466,0.9783,0.9131,0.9371,0.9446,12.9567,12.4673,13.8815,16.3151,15.3448,19.8318,27.5168,27.7151,38.5829,51.7587,102.3869,208.9428,404.4700,802.6260,1601.8228,3192.6721
L1_0_PING_21,1.1788,1.1906,1.1335,1.1562,1.1585,1.1541,14.2469,13.4342,14.6725,18.1043,16.9018,20.5694,28.3300,31.4904,31.2069,54.2550,106.6404,213.4197,423.2287,842.7080,1681.3456,3356.3378
L1_0_PING_22,4.7443,1.2591,1.2636,1.2168,1.2156,1.5125,13.9353,13.7787,14.9843,15.2133,16.7351,21.4042,30.0280,36.9246,33.1119,57.3922,111.6073,223.1963,442.6974,880.4928,1761.8488,3515.8137
L1_0_PING_23,1.3396,1.2742,1.2431,1.2471,4.8722,1.4167,17.5962,16.6548,14.2481,14.5263,16.2622,20.3839,29.2097,36.4107,40.3501,60.8570,116.9588,232.3005,463.0933,921.5714,1837.1624,3680.2333
L1_0_PING_24,1.2353,1.2537,1.2124,1.2163,1.2724,1.2820,13.7160,13.4402,14.1111,15.8089,16.7379,21.3523,28.1960,37.3193,35.9264,62.0791,121.6225,243.7416,482.1128,961.7199,1915.4430,3838.0033
L1_0_PING_25,1.2265,1.2009,1.2202,1.1460,1.1766,1.3007,15.8001,14.0446,13.7777,18.3877,16.4466,19.9363,29.1918,35.6275,42.7882,64.9658,126.4548,252.4440,501.6846,1001.6998,1995.4277,3998.4320
L1_0_PING_26,1.2603,1.2572,1.1746,1.1301,1.1709,1.1920,14.3273,13.3946,14.4693,14.7695,16.3294,21.7563,29.4445,35.8196,42.5456,67.0284,131.4541,273.4899,521.6841,1038.8959,2081.2635,4155.1583
L1_0_PING_27,1.2428,1.1742,1.3062,1.2985,1.2854,1.2930,14.1938,13.8354,14.4120,14.8831,16.8191,21.8810,32.2261,41.0808,39.6832,69.5133,137.0682,273.9143,541.7887,1079.1131,2158.4515,4314.0081
L1_0_PING_28,1.3028,1.3309,1.3318,1.4203,1.3957,1.3756,14.3584,13.5447,14.5697,15.1981,17.4609,20.9125,26.5168,36.2871,42.0488,73.8069,141.6333,283.1196,561.4563,1122.5612,2239.9221,4470.6162
L1_0_PING_29,1.4271,1.3760,1.2633,1.2464,1.2955,1.3478,13.5017,13.3234,13.4239,14.2419,15.5639,9.9089,18.9508,37.0513,53.9971,75.7224,146.5040,293.5142,582.0544,1161.8350,2424.1082,4631.7305
L1_0_PING_30,0.2795,0.2683,0.2743,0.2913,0.2791,0.2987,1.0338,1.0167,1.7239,1.2519,1.5028,2.7337,5.2337,10.9860,41.3925,76.0303,151.2571,302.2745,601.8197,1200.1383,2392.3089,4792.6623
L1_0_PINGPONG_1,1.3631,1.3755,1.3567,1.3481,1.3488,1.4544,1.5367,1.5765,1.8938,1.9866,2.2251,3.2154,4.2271,5.6222,8.7119,9.6776,11.8713,18.0790,28.5560,48.2293,88.6333,169.8550
L1_0_PINGPONG_2,1.4662,1.4563,1.4665,1.4576,1.4642,1.5585,1.9606,1.9921,2.3522,2.5029,2.7496,3.8890,5.1491,6.5701,9.1333,9.8855,13.7931,21.6279,37.6016,77.5803,155.8908,318.1163
L1_0_PINGPONG_3,1.4770,1.4711,1.4674,1.4731,1.4918,1.5701,1.9648,2.0040,2.3602,2.5156,2.7717,3.9538,5.1955,6.6370,9.4436,10.2113,15.6582,25.4081,48.7454,89.8939,170.0172,364.4780
L1_0_PINGPONG_4,1.4853,1.4856,1.4748,1.4820,1.4888,1.5842,1.9799,2.0155,2.3793,2.5569,2.7900,3.9732,5.2302,6.7201,9.3532,11.2501,17.3897,28.7434,59.0803,113.3981,231.6469,460.7757
L1_0_PINGPONG_5,1.4928,1.4951,1.4981,1.5077,1.4810,1.5774,1.9811,1.9983,2.4335,2.5413,2.7935,3.9397,5.2225,6.6976,9.4371,12.0620,19.4191,34.3700,64.2639,130.0828,260.5599,526.6630
L1_0_PINGPONG_6,1.4783,1.4713,1.4640,1.4811,1.4801,1.5790,1.9771,1.9968,2.4050,2.5293,2.8072,3.9593,5.2500,6.7461,9.8435,13.3260,21.9740,43.4648,79.7306,155.9494,317.4072,629.1943
L1_0_PINGPONG_7,1.4488,1.4342,1.4613,1.5060,1.4338,1.5197,2.2635,2.3411,2.7653,2.8829,3.2501,4.4696,6.0111,7.5334,10.1119,14.9864,24.6280,46.0761,89.3044,177.9395,370.3952,702.9327
L1_0_PINGPONG_8,1.5489,1.4408,1.4495,1.4644,1.4500,1.5392,2.1085,2.3512,2.7670,5.4579,3.2324,6.7945,6.0703,8.9855,10.8370,15.8466,26.9555,51.5651,100.7572,203.5689,403.0095,785.1387
L1_0_PINGPONG_9,1.4719,1.4704,1.4769,1.4494,1.4581,1.5393,2.1186,2.3529,2.8108,2.9594,3.2804,4.5737,6.0703,10.1617,10.7067,15.7538,28.5628,56.3947,112.7442,234.2590,447.3881,900.3612
L1_0_PINGPONG_10,3.7001,1.4433,1.4450,1.4348,1.4304,1.5151,4.5019,2.3092,2.7537,2.8883,3.2243,6.4125,6.0622,7.5920,12.0020,16.8668,31.6338,62.2315,134.1485,258.2362,507.4020,996.4015
L1_0_PINGPONG_11,1.4519,1.4462,1.4565,1.4315,1.4312,1.5249,2.3150,2.3433,2.8060,2.9891,3.3365,4.6556,6.0957,7.7037,12.1476,17.9778,34.7916,70.4450,146.4905,305.7985,538.9804,1100.7322
L1_0_PINGPONG_12,1.4513,1.4565,1.4616,1.4413,1.4418,1.5116,2.3339,2.3665,2.7897,2.9217,3.2869,4.6399,6.1323,7.7097,12.2874,19.7232,38.6561,78.1852,165.9242,321.3086,644.3998,1131.3073
L1_0_PINGPONG_13,1.4483,1.4424,1.4480,1.4251,1.4300,1.5381,2.3098,2.3461,2.7499,2.8829,3.2515,4.6343,6.1339,7.7532,12.7248,21.2818,41.7369,84.1726,188.3227,338.2814,631.0133,1435.3622
L1_0_PINGPONG_14,1.4368,1.4374,1.4350,1.4227,1.4357,1.5111,2.3329,2.3594,2.8118,2.9188,3.2759,4.6782,6.1632,7.7830,13.1701,22.6100,45.0772,91.2461,179.1028,355.0407,659.8374,1269.3660
L1_0_PINGPONG_15,1.4308,1.4406,1.4409,1.4316,1.4283,1.5108,2.3336,2.3479,2.7462,2.8876,3.2925,4.6602,6.1730,7.8725,13.7947,24.6938,48.3166,95.8353,187.9391,355.4479,676.6108,1395.3036
L1_0_PINGPONG_16,1.4520,1.4362,1.4492,1.4264,1.4222,1.5105,2.3487,2.3486,2.7892,2.9142,3.2783,4.6815,6.1612,7.9138,13.9282,26.5111,52.3812,103.6451,200.4495,390.5201,729.8867,1456.4227
L1_0_PINGPONG_17,1.4512,1.4423,1.4370,1.5423,1.4369,1.5093,2.3314,2.3431,2.9465,3.0791,3.4665,4.6996,6.2422,7.9660,15.6111,28.8303,56.3580,108.0830,211.6559,404.4639,768.0395,1529.6756
L1_0_PINGPONG_18,1.4517,1.4326,1.4291,1.4225,1.4241,1.4965,2.3303,2.3498,2.9876,4.2546,5.7233,4.6149,6.2248,8.1010,16.9406,30.9920,60.4415,121.8997,236.3180,430.5622,813.4961,1620.0988
L1_0_PINGPONG_19,1.4515,2.0569,1.4268,1.4291,2.1359,1.5073,2.3335,2.3664,3.1150,3.2779,3.7142,5.4357,6.3162,8.2846,18.7398,33.6163,66.4113,134.1049,259.2554,455.8956,853.0875,1716.5318
L1_0_PINGPONG_20,2.1951,1.4423,3.6760,1.4278,1.4390,1.5203,4.1034,3.5306,2.9468,4.8705,5.5375,4.6589,7.6581,8.3164,19.1422,37.2319,76.3647,150.4023,270.9875,473.5199,926.1199,1799.5922
L1_0_PINGPONG_21,1.4571,1.4574,1.4432,1.4334,1.4396,1.5294,2.3455,4.3787,2.9978,3.1189,3.5350,4.7625,6.4456,8.3654,20.9215,39.7952,78.6812,156.9349,286.8868,497.5241,958.7198,1863.6061
L1_0_PINGPONG_22,1.4274,3.5778,1.4260,1.4345,1.4279,1.5238,2.3633,2.3708,3.2567,3.3818,3.8035,4.6698,6.4496,8.4155,22.8447,41.6947,82.1694,159.7659,304.9934,519.6900,992.0311,1971.7212
L1_0_PINGPONG_23,1.4279,1.4382,1.4238,1.4232,1.4289,1.5134,2.3514,2.3986,3.8533,3.3769,3.8285,4.6525,6.5643,8.5785,24.7631,45.9992,87.5133,167.2588,312.7732,533.5341,1022.2731,2047.0909
L1_0_PINGPONG_24,1.4282,1.4379,1.4416,1.4229,1.4274,1.5135,2.3667,2.4208,3.1601,3.3170,3.7694,4.7075,6.5968,8.6071,25.7996,48.8073,90.6113,175.7871,320.8586,560.8263,1075.2819,2094.7863
L1_0_PINGPONG_25,1.4242,1.4274,1.4621,1.4205,1.4217,1.4997,2.3391,2.3838,3.2220,3.3469,3.7822,4.7088,6.6097,8.6103,27.4613,50.5215,92.7814,179.2901,338.6824,575.5710,1119.9283,2169.4270
L1_0_PINGPONG_26,1.4304,1.4453,1.4317,1.4427,1.4411,1.5222,2.3493,2.3904,3.2213,3.3695,3.8049,4.6942,6.6067,8.6572,29.4163,54.2717,99.4442,187.8847,348.1788,601.9800,1155.2835,2271.0183
L1_0_PINGPONG_27,1.4294,1.4435,1.4449,1.4368,3.6293,1.5456,2.3599,2.3760,3.2176,3.3371,4.5464,4.7089,6.7649,8.8541,30.0050,56.1365,103.5300,193.7094,364.5561,620.4108,1175.3852,2357.5714
L1_0_PINGPONG_28,1.4237,1.4158,1.4375,1.4784,1.4787,1.5536,2.0743,2.0548,2.9266,3.0525,3.4313,4.1717,8.2885,8.2455,30.5927,59.9329,112.0758,207.3604,384.7845,639.0681,1225.9341,2442.0748
L1_0_PINGPONG_29,2.1341,1.4312,1.4559,1.4999,1.4473,1.5211,2.3529,2.4491,3.2687,3.3773,3.8192,4.8048,6.8644,8.9074,32.4583,61.6921,115.5234,213.3240,388.4126,655.6729,1275.5219,2514.8835
L1_0_PINGPONG_30,3.5593,1.4938,1.4453,1.4975,1.8381,1.5218,4.6777,2.3927,3.1796,4.8467,5.9996,5.0727,8.0167,8.9020,33.2618,65.0987,121.5408,225.9396,401.8099,676.1411,1319.0717,2612.3849
L1_0_DUPLEX_1,1.4455,1.4403,1.4271,1.4153,1.4176,1.4939,1.5913,1.6411,2.0916,2.2151,2.4471,3.3186,4.3088,5.7533,10.0814,11.7127,14.7084,20.8961,30.9952,53.7785,95.6705,180.2852
L1_0_DUPLEX_2,1.5441,1.5382,1.5367,1.5317,1.5241,1.6226,2.1157,2.1359,2.6218,2.7730,3.0513,4.0387,5.3118,6.8163,10.8198,11.8380,17.3036,25.8347,43.5546,84.2553,166.6272,331.8842
L1_0_DUPLEX_3,1.5891,1.5640,1.5569,1.5481,1.5493,1.6537,2.1010,2.1499,2.6306,2.7753,3.0580,4.1338,5.3231,6.8859,11.5622,12.9960,20.5803,34.1308,64.6305,128.8716,249.1521,498.6736
L1_0_DUPLEX_4,1.5599,1.5671,1.9777,1.5596,1.5626,1.6287,2.1104,2.1328,2.6254,2.7641,3.0516,4.0518,5.3078,6.8263,12.2796,15.1643,26.1781,45.6271,87.4769,171.4558,340.3505,677.8343
L1_0_DUPLEX_5,1.6040,1.5660,1.5595,1.5643,1.5907,1.6855,2.0847,2.1289,2.6517,2.7774,3.0509,4.0680,5.3193,6.8758,11.9505,18.1305,29.4470,55.5938,108.3817,211.1053,421.2324,840.1674
L1_0_DUPLEX_6,1.6063,1.5682,1.5701,1.5728,1.5760,1.6572,2.1140,2.1623,2.6576,2.7945,3.0789,4.0885,5.4014,7.0585,12.6687,20.0673,34.3596,66.5746,128.8800,252.9603,503.3310,1007.1670
L1_0_DUPLEX_7,1.5407,1.5284,1.5320,1.5241,1.5378,1.6068,2.3982,2.4812,3.0490,3.1766,3.5586,4.6461,6.1490,7.8776,13.4381,21.4676,39.6661,77.9879,150.9694,305.4897,589.9754,1184.7768
L1_0_DUPLEX_8,1.5246,1.5334,1.5348,1.5315,1.6465,1.6024,2.3231,2.5567,3.0200,3.1657,3.5285,4.7106,6.1979,7.9292,15.2545,24.7250,44.8100,87.8644,172.1932,340.7011,680.6840,1364.5553
L1_0_DUPLEX_9,1.5291,1.5323,1.5244,1.5349,2.8438,1.6104,6.8671,2.5698,3.0524,8.0715,8.2474,4.7455,6.2744,12.9794,17.7834,26.3037,50.8613,98.2897,192.0801,376.8883,754.5844,1508.3139
L1_0_DUPLEX_10,1.5411,1.5386,1.5345,1.5383,1.5538,1.6127,2.3118,2.5648,3.0529,3.1841,3.5885,9.6391,9.9001,13.0158,20.2930,29.0199,55.8089,109.4836,215.1925,424.2448,841.6824,1686.4226
L1_0_DUPLEX_11,1.5418,1.5421,1.5294,1.5159,1.5081,1.6032,2.5566,2.5726,3.0560,3.1848,3.5885,4.8959,6.4150,13.1435,19.7721,32.0376,61.9662,121.9590,238.8467,476.1835,935.4978,1890.0780
L1_0_DUPLEX_12,1.5652,1.5302,1.5415,1.5271,1.5246,1.6096,2.4778,2.4881,3.0478,3.2031,3.6054,4.8403,6.4112,8.3144,22.0549,35.0299,68.2510,135.2907,264.0685,525.8926,1054.5235,2102.3335
L1_0_DUPLEX_13,1.5385,1.5393,1.5295,1.5087,1.5339,1.6074,2.5341,2.5568,3.0400,3.2065,3.6743,4.9123,6.4957,8.4078,22.7830,37.7629,74.3646,146.1408,291.1901,562.8234,1134.1217,2230.2228
L1_0_DUPLEX_14,1.5195,1.5206,1.5151,1.5130,1.5319,1.5880,2.4481,2.4794,3.0178,3.2010,3.5698,4.8402,6.3994,8.3515,24.2241,40.8881,80.5671,162.6417,318.5695,608.1021,1203.1376,2407.1863
L1_0_DUPLEX_15,1.5297,1.5268,1.5246,1.5176,1.5139,1.5968,2.5613,2.6044,3.0314,3.1921,3.6323,4.9426,6.6489,8.8166,24.8803,44.0056,87.4519,177.4171,345.1123,651.8065,1285.2764,2546.9206
L1_0_DUPLEX_16,1.5351,1.5289,1.5134,1.5165,1.5213,1.5983,2.5628,2.5909,3.0516,3.2156,3.6462,4.9710,6.6096,8.9246,25.6031,47.5763,95.7052,192.5586,368.6927,695.8381,1364.8745,2693.8737
L1_0_DUPLEX_17,1.5522,1.5433,1.5359,1.5145,1.5060,1.6094,2.5633,2.5559,3.2273,3.3593,3.7950,4.9782,6.6970,8.9589,30.1513,51.4126,101.3774,212.4371,386.7254,727.2039,1435.7180,2849.6467
L1_0_DUPLEX_18,1.5345,1.5281,1.5115,1.5051,1.5237,1.6004,2.5237,2.5199,3.2189,3.3425,3.7899,4.8818,6.6239,9.0285,31.5816,54.8532,110.6996,229.2193,412.1621,771.6494,1514.9285,3013.5869
L1_0_DUPLEX_19,1.5227,1.5267,1.5057,1.5292,1.5172,1.5880,2.5770,2.6146,3.2154,3.3990,3.8590,4.9704,6.9253,9.7126,34.0398,58.8841,117.7042,246.9138,435.9757,817.0708,1601.7663,3195.2109
L1_0_DUPLEX_20,1.5341,1.5366,1.5255,1.6058,1.5094,1.6050,2.5919,2.6182,3.2709,3.4211,3.8772,5.0606,7.0427,9.6671,40.5832,62.3069,127.9496,266.2264,461.6784,855.3767,1676.8134,3381.1107
L1_0_DUPLEX_21,6.6690,1.5261,1.5181,1.5107,1.5310,5.8286,2.5817,2.6321,3.3453,7.7634,8.2079,5.0908,7.0775,9.7823,37.1161,65.7672,131.5893,275.7658,476.0791,901.4867,1777.0194,3519.4480
L1_0_DUPLEX_22,1.5414,1.5182,1.5321,1.5103,5.9393,1.5862,2.5236,2.5558,3.2276,3.3802,3.8423,5.1112,7.0922,9.7327,39.4536,70.6136,143.5410,296.0390,520.1114,934.5284,1837.4361,3684.5068
L1_0_DUPLEX_23,1.5328,1.5408,1.5365,1.5327,1.5131,1.5996,2.5548,2.5828,3.3374,3.5270,4.0186,9.4134,11.3944,10.3194,39.9669,73.6188,149.1595,311.5735,523.9589,966.1844,1931.0873,3845.6600
L1_0_DUPLEX_24,1.5383,1.5344,1.5204,1.5183,1.5028,1.5961,2.5791,2.5809,3.4360,3.5926,4.0799,5.1197,8.5800,10.3830,43.9012,78.6839,158.7000,330.5857,546.5937,1015.8199,2010.3403,4011.5150
L1_0_DUPLEX_25,1.5334,1.5346,1.5047,1.5276,1.5268,1.6085,2.5925,2.5908,3.4361,3.5914,4.0647,5.1025,7.3504,13.7732,44.9829,79.9375,159.2560,331.7082,556.8228,1053.5947,2111.0591,4189.8673
L1_0_DUPLEX_26,1.5319,1.5369,1.5360,1.4992,1.5179,1.6048,2.5174,2.5989,3.3403,3.5252,4.0400,5.0006,7.4241,10.4734,50.0368,85.0209,170.0039,338.6573,586.4823,1092.8238,2182.9398,4373.4334
L1_0_DUPLEX_27,1.5291,1.5355,6.2948,5.0137,1.5226,1.6137,2.5855,2.6249,3.4026,3.5847,4.1028,8.4352,7.7692,14.8016,48.1315,89.0403,173.9244,359.5559,600.8269,1133.2238,2259.0662,4520.5524
L1_0_DUPLEX_28,1.5517,1.6523,1.5686,1.5396,1.5420,1.6037,2.5701,2.6067,3.4621,3.5918,4.0969,5.2684,7.8800,11.0853,50.7013,92.1892,186.4194,377.4430,628.7949,1178.1731,2354.7756,4699.3415
L1_0_DUPLEX_29,1.6290,1.6242,1.5485,1.5396,1.5324,1.7926,3.0043,2.6136,3.4763,3.6172,4.1209,5.2550,7.9621,11.2991,51.9686,94.8398,186.6416,380.9394,641.2513,1219.5966,2437.0814,4870.7402
L1_0_DUPLEX_30,1.5374,1.5620,1.5517,3.2165,1.5195,1.6252,2.5874,2.6083,3.4278,3.5515,4.0709,5.4052,8.0097,11.2428,53.8235,98.2487,196.7133,401.3090,673.8417,1261.8024,2523.4009,5041.1170
L1_1_PING_1,0.2538,0.2512,0.2537,0.2629,0.2596,0.2714,0.3728,0.3525,0.4141,0.3832,0.5234,0.6918,0.8096,1.3028,16.0978,16.9438,18.7581,24.6732,34.4895,54.7040,95.0605,176.9852
L1_1_PING_2,0.4212,0.3943,0.2707,0.2715,0.2965,0.2930,0.3962,0.3748,0.4648,0.4753,0.6596,3.6251,1.3149,2.5760,16.3441,17.4030,20.0582,27.5448,42.2274,82.2479,162.2640,323.8679
L1_1_PING_3,0.7011,0.7323,0.7042,0.7088,0.7123,0.7203,0.8634,0.4608,0.5468,0.6047,0.8289,1.0552,1.9614,3.8412,17.7694,17.8149,21.2286,32.7108,61.9648,121.8076,241.7111,483.7230
L1_1_PING_4,0.4088,0.3930,0.3899,0.2758,0.2773,0.2816,0.4266,0.4022,0.4690,0.6155,0.7867,1.3769,2.6134,5.1185,17.1330,18.0540,23.5535,42.0273,81.9376,161.7000,321.8921,644.0296
L1_1_PING_5,0.7407,0.7161,0.7259,0.7126,0.7149,0.7327,0.8770,0.4761,0.5288,0.6669,0.9517,1.7155,3.2666,6.3972,17.1256,18.3120,25.8788,52.1803,101.8579,202.5076,402.7212,803.2703
L1_1_PING_6,0.7540,0.7521,0.7318,0.7548,0.7475,0.7759,0.8872,0.4788,0.5734,0.7298,1.1331,2.0496,3.9161,7.6731,18.3178,19.5615,30.6941,61.6973,121.6787,241.7622,483.0729,963.6229
L1_1_PING_7,0.7467,0.6941,0.7283,0.6990,0.6967,0.7170,0.8822,0.4629,0.5707,0.7867,1.3008,2.3848,4.5585,8.9305,20.3343,19.5531,35.7577,71.8856,141.5691,282.1061,562.4832,1124.9090
L1_1_PING_8,0.7518,0.7347,0.7319,0.7549,0.7336,0.7820,0.9001,0.4953,0.6698,0.8874,1.4878,2.7165,5.2034,10.1950,19.1777,21.7062,40.8880,81.8551,162.2543,322.4078,642.3909,1283.1458
L1_1_PING_9,0.7677,0.7992,0.7802,0.7645,0.7860,0.7434,0.9630,0.8979,1.0174,1.3694,1.7254,3.0844,5.9304,11.4682,22.8104,23.5946,45.7890,92.7763,182.3349,362.5307,722.8329,1444.2322
L1_1_PING_10,0.8305,0.7770,0.7679,0.7709,0.7622,0.7550,0.9448,0.8207,1.0538,1.4279,1.8493,3.4004,6.5289,12.7476,20.1362,26.2555,50.7069,101.5631,201.1650,400.3300,799.4401,1603.4100
L1_1_PING_11,0.8234,0.7793,0.7566,0.7594,0.7489,0.7611,0.9421,0.8464,1.0182,1.4413,2.0867,3.7493,7.1593,14.0240,24.9564,30.4219,55.6801,111.7868,221.1747,441.7348,879.3306,1764.2737
L1_1_PING_12,0.8440,0.7949,0.7835,0.7487,0.7982,0.7831,1.1245,1.1830,1.2211,1.7691,2.2445,4.0870,7.8106,15.2943,23.1683,31.2079,60.8586,122.9719,241.4774,480.3709,958.7184,1924.8393
L1_1_PING_13,0.9706,0.8571,0.8870,0.9255,0.9215,0.8904,1.2990,1.4099,1.4732,1.9362,2.4349,4.4429,8.4877,16.5701,23.6377,33.7578,66.8220,131.8317,261.5804,520.3893,1041.0973,2084.2758
L1_1_PING_14,0.9301,0.9729,0.9936,0.8941,0.9224,0.9331,1.2939,1.3396,1.4648,2.1324,2.6778,4.8565,9.1266,17.8463,24.7068,36.9750,70.9011,142.3577,281.2238,560.8782,1121.8118,2243.9187
L1_1_PING_15,0.9155,0.9140,0.9374,0.8992,0.9227,0.9195,1.5220,1.5776,1.6879,2.3860,3.0078,5.1307,9.8001,19.1287,24.5120,38.8572,75.8931,153.9783,301.2481,600.2663,1202.9661,2401.6086
L1_1_PING_16,1.0450,0.9238,0.9448,1.0306,1.0083,0.9517,1.1388,1.2285,1.4192,2.0679,2.9694,5.4635,10.5327,20.3846,24.8367,41.3518,81.4153,162.0834,322.3829,640.6217,1283.2043,2560.5266
L1_1_PING_17,1.1674,1.1209,1.2179,1.1464,1.0944,1.0687,1.8664,1.9547,2.0437,2.8411,3.9844,5.7776,11.0731,21.8015,27.1114,43.9006,86.0953,174.5109,341.8313,681.8944,1363.4185,2721.7788
L1_1_PING_18,0.9111,0.8916,0.9702,0.9526,0.8872,0.9067,1.5652,1.6125,1.7462,2.6000,3.3190,6.1408,11.7887,22.9391,27.8469,47.1200,91.1641,187.5185,361.4374,723.1028,1444.4781,2881.8008
L1_1_PING_19,1.0840,1.0447,1.0487,0.9604,0.9753,0.9744,1.8632,2.0135,12.6953,11.9931,12.0775,6.4686,12.3750,24.2129,30.3051,49.9599,96.3058,192.0811,382.7155,763.7778,1522.3967,3040.8916
L1_1_PING_20,0.9909,0.9461,0.9790,0.9640,0.9859,0.9703,1.9955,2.0876,2.1404,3.2027,4.6769,6.9172,13.0144,25.4870,31.8227,51.6991,101.2283,203.4402,403.3303,802.9401,1600.3982,3197.3403
L1_1_PING_21,1.1332,1.1167,1.1064,1.0170,1.0980,1.0831,2.1612,5.2025,12.8155,3.3467,4.7344,7.1724,13.6807,26.7557,33.4890,54.5276,106.5949,213.0559,424.3749,842.6246,1682.0353,3353.4983
L1_1_PING_22,1.0959,1.0094,1.0414,1.0194,1.0366,1.1362,2.3898,2.4394,2.5778,3.9668,5.1371,7.5135,14.3147,28.0569,34.2743,57.3950,112.0924,227.0681,444.0776,883.2608,1760.9356,3514.0526
L1_1_PING_23,1.0846,1.1144,1.0911,1.3571,1.1008,1.0726,2.6633,2.8021,2.7317,4.0444,5.6380,7.8467,14.9862,29.3615,42.1712,59.8654,117.1436,233.1684,463.2584,922.1609,1842.1451,3674.9513
L1_1_PING_24,1.0270,0.9795,0.9912,0.9544,1.0098,1.0416,2.5066,2.6774,13.1929,3.9924,5.6080,8.2333,15.7234,30.7196,42.7143,62.4457,123.1121,242.5901,481.9262,961.8460,1917.2898,3838.1970
L1_1_PING_25,1.2787,1.8952,1.2652,1.1958,1.1777,1.2703,2.9062,3.0007,3.0366,4.2785,6.1328,8.5890,16.4545,31.9950,38.7417,65.1224,126.9895,253.2850,502.7527,1001.7890,1998.6411,3997.4841
L1_1_PING_26,1.2658,1.2579,1.3208,1.1753,1.1425,1.2147,2.7004,2.7165,2.8151,4.0868,6.0008,8.8808,16.9913,33.2719,42.3418,68.3478,132.0778,262.7896,522.1223,1042.0188,2075.6757,4157.1112
L1_1_PING_27,1.1844,1.1846,1.2005,1.1616,1.1428,1.1966,2.8938,3.2070,13.1827,4.5642,6.2664,9.2154,17.8128,34.8245,47.2745,70.0424,136.9126,272.6987,541.9028,1080.8916,2156.4536,4314.1091
L1_1_PING_28,1.2256,1.1864,1.1637,1.0831,1.1600,1.1203,2.8984,3.1232,3.2477,4.5107,6.2974,9.5413,18.2466,35.7449,43.9358,74.4512,141.7970,283.1072,564.1058,1123.7622,2239.4696,4473.6349
L1_1_PING_29,1.4077,1.4029,1.3971,1.2551,1.2665,1.3446,3.1016,3.1556,3.1892,13.4343,15.1992,10.0136,18.9429,37.0100,66.2284,78.2491,146.9224,296.9361,582.1898,1163.3005,2317.3630,4631.6973
L1_1_PING_30,0.2958,0.3105,0.3003,0.2958,0.3012,0.3226,0.5018,0.4521,0.9977,0.9071,1.5019,2.7338,5.2560,10.3013,43.2287,76.1537,150.8763,301.9494,600.3741,1197.0736,2400.2463,4787.0847
L1_1_PINGPONG_1,2.5756,2.5616,2.5771,2.5462,2.5663,2.6515,2.7540,2.7969,3.0497,3.1944,3.4114,4.4013,5.8444,7.2213,12.5698,13.3910,15.9227,21.9627,32.0057,52.2897,92.5350,174.6528
L1_1_PINGPONG_2,2.6941,2.7041,2.7087,2.7106,2.6945,2.8242,2.8441,2.9097,3.1772,3.3461,3.5335,4.6196,6.0557,7.4851,13.2358,13.7859,17.0980,25.0591,40.1435,79.2110,160.0126,319.9867
L1_1_PINGPONG_3,2.7181,2.6888,2.7109,2.6882,2.7209,2.8432,2.8638,2.9176,3.1894,3.3461,3.5357,4.6350,6.0728,7.4561,13.3131,14.1203,19.2601,28.9137,50.7963,92.6893,174.1891,345.3411
L1_1_PINGPONG_4,2.9695,2.7169,2.6993,2.7063,2.7098,2.8554,2.8736,2.9328,3.1678,3.3350,3.5201,4.6361,6.0282,7.4668,13.2512,15.0993,21.6969,32.0888,59.0224,116.6030,234.6728,459.2677
L1_1_PINGPONG_5,2.7323,2.7034,2.7032,2.6977,2.7029,2.8516,2.8600,2.9034,3.1658,3.3699,3.5326,4.6379,6.0495,7.4797,13.5385,15.5622,24.0200,37.5228,66.0315,129.9876,256.8125,522.9203
L1_1_PINGPONG_6,2.6833,2.6749,2.6827,2.6822,2.6724,2.8307,2.8437,2.9077,3.1750,3.3112,3.5205,4.5899,6.0558,7.4716,13.9746,17.2757,26.3434,41.8515,77.9847,150.1766,323.3565,607.5548
L1_1_PINGPONG_7,2.6483,2.6454,2.6405,2.6236,2.6346,2.7319,2.8462,2.9031,3.1452,3.2930,3.5113,4.5764,6.0307,7.4332,14.0392,17.7252,27.3241,46.9028,91.1116,177.4569,362.9898,705.0361
L1_1_PINGPONG_8,2.6379,2.6279,2.6178,2.6183,2.6146,2.7211,2.7783,2.8358,3.1172,3.2629,3.4948,4.5137,6.0131,7.4592,14.2608,19.2112,28.6520,51.4965,101.8391,203.9726,405.2354,790.0468
L1_1_PINGPONG_9,2.6111,2.6205,2.6176,2.6543,2.6195,2.7159,2.8634,2.8064,3.7229,3.4816,3.7288,4.6042,6.5317,7.5645,14.7165,18.9308,30.7491,57.8387,114.0003,235.6752,451.5942,884.0437
L1_1_PINGPONG_10,2.6064,2.6069,2.6219,2.6328,2.6316,2.9085,2.7775,2.9592,3.2618,3.8970,4.1367,4.5052,6.0354,7.7457,15.8097,20.1320,32.9915,64.9139,130.7331,264.6309,493.6797,950.3241
L1_1_PINGPONG_11,2.6068,2.6104,2.6094,2.6037,2.6074,2.6926,2.7722,2.9713,3.1419,3.2796,3.5128,4.7082,6.0519,7.5970,15.9108,20.3994,36.1755,70.2141,146.6214,303.6711,549.8886,1087.8085
L1_1_PINGPONG_12,2.6197,2.6095,2.6114,2.7252,2.5947,2.6955,2.7680,2.8461,3.1388,3.2545,3.5058,4.6904,6.0660,7.6456,15.8862,20.8243,38.6953,80.7589,166.2637,324.8960,647.8983,1227.6268
L1_1_PINGPONG_13,2.6174,2.6101,2.5982,2.5903,2.6161,2.6950,2.7717,2.8279,3.2515,3.6811,3.6916,4.6035,6.1089,8.9754,16.6977,22.1603,42.2165,86.6132,181.6814,330.5020,665.0334,1307.0906
L1_1_PINGPONG_14,2.6018,2.6084,2.6333,2.6104,2.6432,2.7033,2.7836,2.8685,3.1610,3.2856,3.5463,4.6412,6.5365,7.8318,16.9675,23.1225,46.0446,91.6983,180.0596,340.1442,644.1194,1270.8690
L1_1_PINGPONG_15,2.6093,2.6188,2.6243,2.6142,2.6218,2.6864,2.7760,2.8313,3.1557,3.3692,3.5781,4.6273,6.1839,7.8467,17.4745,24.7338,49.4306,95.3058,186.6246,359.2296,706.7187,1365.0497
L1_1_PINGPONG_16,2.6105,2.6227,2.7385,2.6210,2.6158,2.6968,2.7850,2.8382,3.1593,3.2930,3.8088,4.6532,6.1965,7.8362,16.0163,26.2350,52.9262,102.9533,201.9535,383.9288,743.2085,1446.9594
L1_1_PINGPONG_17,2.6197,2.6268,2.6217,2.6068,2.6153,2.6962,2.7749,2.8115,3.5545,4.4740,3.6783,4.6605,6.6529,7.9793,17.8105,28.2935,56.6576,109.7768,206.2641,404.9947,769.2061,1527.3935
L1_1_PINGPONG_18,2.6265,2.6124,2.6078,2.5989,2.6079,2.6922,2.7759,2.8360,3.3560,3.4906,3.7772,4.6659,6.3093,8.1389,18.1291,30.7537,61.5248,119.2934,233.4048,428.5658,817.0064,1600.3889
L1_1_PINGPONG_19,2.6003,2.6046,3.0419,2.6001,2.6065,2.6971,2.7880,2.8308,3.3809,3.5080,3.7671,4.7022,6.3616,8.2991,19.2823,32.6355,66.3047,133.1775,253.9285,453.9187,862.0053,1712.6090
L1_1_PINGPONG_20,2.8330,2.6192,2.6210,2.6244,2.6208,2.6987,2.9670,5.3184,3.6939,3.8567,4.1648,5.1733,6.9449,8.9957,20.0486,36.0863,76.0945,147.3848,288.8077,488.2386,908.4904,1805.4852
L1_1_PINGPONG_21,2.7754,3.1344,4.5458,2.6165,2.8179,2.7053,2.9113,3.1919,3.5933,3.7251,4.2012,5.2073,7.0069,8.9243,19.9777,38.1913,79.5193,154.1438,286.4138,492.3426,950.4740,1883.2882
L1_1_PINGPONG_22,2.6068,2.6248,2.6197,4.4814,2.5995,2.6879,2.9279,3.1753,3.5607,3.7176,4.0196,5.1813,7.0087,8.9839,20.8337,43.1501,85.3378,162.0033,292.5901,515.5913,979.5355,1937.2768
L1_1_PINGPONG_23,2.6141,2.5983,2.5956,3.4263,2.6191,2.6836,3.1925,3.1601,3.9233,3.9965,4.3688,5.1312,7.0383,9.0346,22.4950,47.5684,89.4744,169.6714,308.5308,544.5535,1029.3746,2027.3523
L1_1_PINGPONG_24,3.4623,2.6042,2.6116,2.6204,2.6064,2.7179,3.1459,3.1686,3.8842,4.0291,4.3857,5.2157,7.1446,9.1039,24.8606,51.6156,94.0380,180.7596,329.3474,564.0489,1068.2854,2100.1262
L1_1_PINGPONG_25,2.5947,2.8786,2.6074,2.9897,2.6089,2.7024,3.1296,3.1639,3.8840,4.0204,4.3945,5.1848,7.2713,9.1514,26.8765,54.0129,95.7839,180.5560,333.1737,578.0012,1117.9595,2192.0743
L1_1_PINGPONG_26,2.6110,2.6133,2.5980,2.6020,2.6039,2.7024,3.1303,3.1719,3.8645,3.9945,4.3938,5.2057,7.2996,9.1601,28.3580,55.5955,99.5775,186.5175,347.8953,594.1330,1156.6869,2270.8537
L1_1_PINGPONG_27,2.6027,2.6055,2.6165,2.6097,2.6089,2.6921,3.3200,3.1794,3.7455,3.8981,4.2274,5.1420,7.3015,9.1674,30.1464,58.3837,106.5202,195.4232,354.9215,617.0184,1180.9591,2335.7687
L1_1_PINGPONG_28,2.7807,2.5888,2.6026,2.6076,2.6006,2.7239,3.2389,3.1752,3.9092,4.0560,4.4136,5.1789,7.4436,9.3877,31.8763,63.0164,113.1246,202.9041,373.1765,636.6857,1232.8982,2443.7876
L1_1_PINGPONG_29,4.5196,2.5916,2.6068,2.6082,4.3165,2.9533,3.1382,3.4728,3.9564,4.0514,4.6130,5.2195,7.4675,9.3874,33.3843,63.4861,117.7947,217.0018,395.6846,653.2416,1258.3598,2509.9748
L1_1_PINGPONG_30,2.5999,2.8930,3.3020,2.5947,2.9997,2.9456,3.3581,3.5487,3.9390,5.6373,4.2335,5.3893,7.4695,9.5093,34.7252,66.9143,123.1915,226.0623,403.6272,673.8751,1303.8687,2610.3331
L1_1_DUPLEX_1,2.6325,2.6674,2.6390,2.6149,2.6178,2.7152,2.7978,2.8390,3.2975,3.4263,3.6471,4.4794,5.9290,7.3712,15.4753,16.0767,20.7113,27.2350,37.2739,57.8515,99.4796,183.5844
L1_1_DUPLEX_2,2.7760,2.7542,2.7556,2.7371,2.7637,2.8622,2.9394,2.9745,3.4086,3.5653,3.7753,4.6724,6.1032,7.5348,15.9339,16.9377,22.8401,31.7242,44.3643,84.8304,168.6386,331.9953
L1_1_DUPLEX_3,2.7546,2.7740,2.7684,2.7353,2.7624,2.8716,2.9460,2.9798,3.4035,3.5696,3.7775,4.6760,6.0849,7.5288,16.5583,17.7566,25.6594,39.2938,63.6418,128.3045,250.3245,496.2840
L1_1_DUPLEX_4,2.7840,2.7917,2.7642,2.7683,2.7703,2.9372,2.9343,2.9932,3.3949,3.5620,3.7762,4.6942,6.1176,7.5574,16.4667,19.9112,28.8279,44.8230,86.9648,173.7489,335.8975,672.5262
L1_1_DUPLEX_5,2.7793,2.7458,2.7567,2.7373,2.7479,2.8757,2.9500,2.9858,3.4096,3.5750,3.8202,4.7295,6.1434,7.7029,16.9964,20.9257,33.4406,55.4991,108.1797,210.9070,421.6153,857.6084
L1_1_DUPLEX_6,2.7417,2.7464,2.7315,2.7450,2.7460,2.8589,2.9195,2.9824,3.3939,3.5734,3.7694,4.6517,6.1736,7.6843,17.4712,22.8649,35.2499,65.9873,130.2366,253.1080,499.5836,1011.6046
L1_1_DUPLEX_7,2.7291,2.7112,2.7121,2.7145,2.6984,2.8106,2.8693,2.9506,3.3651,3.5046,3.7475,4.6763,6.2048,7.7648,18.1474,24.7055,40.3766,77.6714,150.3706,296.7081,592.7562,1162.3543
L1_1_DUPLEX_8,2.6940,2.7083,2.6930,2.7130,2.7037,2.8128,2.8591,2.9324,3.3833,3.5253,3.7603,4.6829,6.2058,7.7367,18.6233,26.4443,46.0535,89.2793,171.5179,340.2697,677.9638,1345.7321
L1_1_DUPLEX_9,2.6981,2.7396,2.7620,2.7156,2.6876,3.0421,3.0268,4.4710,4.6370,3.7342,3.7691,4.8991,6.4098,7.9593,19.0324,27.9472,50.9524,97.8236,191.5785,378.1918,747.5901,1500.2544
L1_1_DUPLEX_10,2.7362,2.7101,2.8374,2.6986,2.7037,2.7835,3.1147,2.9304,3.3806,3.5208,3.7729,4.7109,6.2921,7.8875,20.7509,30.5293,56.8393,109.5320,212.3565,422.0491,835.9890,1683.1445
L1_1_DUPLEX_11,2.7042,2.7249,2.6816,2.6762,2.7007,2.7779,2.8531,2.9420,3.4056,3.5209,3.7974,4.7160,6.3023,7.8997,22.2271,33.2443,62.5329,121.5705,235.8637,471.6624,928.1971,1865.7169
L1_1_DUPLEX_12,2.7285,2.6906,2.7013,2.6632,2.6752,2.7489,2.8401,2.8828,3.5220,3.5389,3.7963,4.7222,6.2913,7.9483,22.2595,36.0989,67.9267,134.3590,265.6301,522.8681,1037.5913,2075.4920
L1_1_DUPLEX_13,2.7247,2.6851,2.7123,2.6731,2.6853,2.7621,2.8521,2.8953,3.4225,3.5432,3.8162,4.7418,6.2960,8.0383,23.7889,38.5890,73.6609,143.9938,285.4901,556.6250,1104.9591,2212.8703
L1_1_DUPLEX_14,2.6965,2.6943,2.7165,2.6750,2.6896,2.7759,2.8769,2.8995,3.4511,3.5700,3.8446,4.8118,6.3366,8.1482,24.5388,42.4269,80.8695,156.5386,311.1658,605.1607,1203.6885,2367.4363
L1_1_DUPLEX_15,2.6905,2.7031,2.7000,2.6792,3.5312,2.7697,2.8480,2.9152,3.4399,3.5719,3.8836,5.4973,6.3392,8.1621,25.9804,45.2405,87.3210,171.6431,339.3612,649.5435,1269.5903,2554.7997
L1_1_DUPLEX_16,2.6994,2.7086,2.6968,2.6886,2.6838,2.7659,2.8464,2.9036,3.4455,3.5685,3.9393,4.7455,6.3839,8.1909,26.8709,48.3097,93.3094,188.1590,368.5409,693.1243,1364.4457,2697.6775
L1_1_DUPLEX_17,2.7334,2.7097,2.7084,2.6905,2.6947,2.7663,2.8679,2.8909,3.5021,3.6342,3.9101,5.6227,6.4368,8.6962,30.6241,51.2722,99.2224,202.1138,382.8145,732.3022,1432.3032,2857.6862
L1_1_DUPLEX_18,2.7077,2.6935,2.7083,2.7029,2.6950,2.7833,2.8480,2.9018,3.5245,3.6682,3.9523,4.8661,6.5638,8.8720,32.9944,55.1343,107.2774,216.3366,408.4120,763.4298,1519.4024,3028.2263
L1_1_DUPLEX_19,2.6791,2.7111,2.6827,2.6924,2.7009,2.7798,2.8682,2.9272,3.5262,3.7079,4.0358,4.7986,6.6041,9.3679,33.7220,57.3652,114.9033,236.8513,436.1259,816.1554,1595.8906,3165.8316
L1_1_DUPLEX_20,2.6793,2.6898,2.7130,2.6976,2.6853,2.7751,2.9486,3.3315,3.8837,4.0248,4.4119,5.7099,7.5434,9.7352,36.1946,61.0128,124.8164,263.1068,457.8118,855.7044,1681.9527,3348.7348
L1_1_DUPLEX_21,2.7099,2.7122,2.6964,2.6763,3.0894,2.7685,2.9461,3.2880,3.8862,4.0281,4.7364,5.3164,7.4394,13.2093,38.7605,64.3366,128.8488,270.7977,476.4392,886.0166,1754.2705,3513.7525
L1_1_DUPLEX_22,2.6908,2.6858,2.7252,6.8083,2.6926,2.8142,6.9409,3.2938,3.9461,4.0569,4.4334,5.3982,11.3441,13.5272,40.4159,67.9322,137.0166,284.9372,500.7682,931.8523,1837.7514,3691.0021
L1_1_DUPLEX_23,2.7056,2.6867,2.7088,2.7295,2.6897,2.7788,2.9639,3.3253,3.9825,4.0436,4.4601,5.4611,7.6087,9.8715,41.1900,72.0942,148.8973,301.5394,510.8632,973.8416,1912.3374,3856.0482
L1_1_DUPLEX_24,2.6937,2.7076,2.6873,2.7206,2.6870,2.7840,3.2467,3.3023,4.0023,4.0638,4.4542,5.6173,7.8223,10.5960,44.0782,76.6955,159.4029,320.8915,541.6297,1009.6406,2010.3330,4016.7906
L1_1_DUPLEX_25,2.7089,2.6903,2.7006,2.7029,2.7016,2.7569,3.2862,3.2929,4.0097,4.1849,4.5962,5.4668,7.8718,10.5576,74.5025,79.2939,160.2665,329.7852,555.6308,1048.0667,2091.7801,4179.1814
L1_1_DUPLEX_26,2.7182,2.7016,2.7191,2.6790,2.6784,2.7692,3.3083,3.2982,3.9302,4.0896,4.4836,5.6508,7.8388,10.7046,47.2888,81.5783,166.4794,336.5382,583.8201,1090.4638,2179.1992,4358.8416
L1_1_DUPLEX_27,2.7002,3.1321,2.7432,2.6962,2.6947,2.7757,3.2768,3.3307,4.0080,4.1075,4.5017,5.4562,8.2828,10.6553,48.6381,85.0499,173.8051,353.4332,603.9848,1133.0747,2276.6053,4533.5870
L1_1_DUPLEX_28,2.7131,2.7304,2.7204,2.7166,2.6900,2.7827,3.2774,3.2982,4.0143,4.7379,4.5232,5.5462,8.2144,11.1998,51.2345,90.6518,181.1560,372.6629,633.3604,1174.3706,2345.2613,4715.6963
L1_1_DUPLEX_29,2.6824,2.6903,2.6902,2.6800,2.6819,2.7642,3.2886,3.3131,4.1004,4.2648,4.6559,5.5192,8.2117,12.2974,57.5261,91.4116,185.6579,381.2062,641.5070,1222.4092,2447.0498,4863.0748
L1_1_DUPLEX_30,3.0825,2.7252,3.2243,2.7715,2.7025,2.7752,3.2857,3.2989,4.0428,4.2846,4.6636,5.5692,8.8272,11.3247,63.3046,96.1413,196.8336,400.1243,666.5568,1262.5247,2507.9933,5036.1628
L1_2_PING_1,0.2608,0.2570,0.2601,0.2608,0.2605,0.2756,0.3713,0.3413,0.4092,0.3850,0.5232,0.6414,0.8203,1.3029,16.2774,17.2258,19.0485,24.9826,35.0584,55.1681,95.6771,177.4171
L1_2_PING_2,0.7151,0.6974,0.7033,0.7067,0.7003,0.7349,0.8055,0.4315,0.4512,0.4873,0.7102,0.8333,1.3068,2.5975,16.8330,17.3559,19.7500,27.6128,43.2169,82.3167,162.4810,324.5056
L1_2_PING_3,0.4544,0.4611,0.4236,0.2852,0.2762,0.2799,0.4136,0.3845,0.4655,0.5606,0.7220,1.0448,7.8663,3.8421,17.1167,17.8314,21.2614,32.2033,62.1650,122.0454,242.1008,483.8756
L1_2_PING_4,0.7385,0.7157,1.1511,0.7140,0.7281,0.7293,0.8390,0.4527,0.5270,0.6468,0.9080,1.3722,2.6098,5.1019,17.2829,18.5452,24.2409,42.0293,81.5516,161.8016,321.8739,641.7714
L1_2_PING_5,0.7059,0.7003,0.7093,0.6953,0.7008,0.7263,0.8226,12.5850,12.8928,13.7406,15.3943,18.5174,24.8771,9.7328,16.9732,17.9901,25.8507,51.8470,102.0252,202.0568,401.6521,801.4456
L1_2_PING_6,0.7451,0.7046,0.7231,0.7095,0.7347,0.7365,12.2653,12.2718,12.6703,13.3678,15.0829,18.1750,24.3177,25.4813,18.0281,19.2537,30.7212,79.7749,133.7630,242.0767,480.5706,963.6193
L1_2_PING_7,0.7389,0.7079,0.7303,0.7103,0.7345,0.7503,12.7431,12.4110,12.8167,13.7487,15.2491,20.0940,29.3276,25.5727,18.9163,23.0657,36.9952,73.4294,144.3840,281.1553,561.1037,1124.4313
L1_2_PING_8,0.7663,0.7779,0.7595,0.8135,0.7825,0.8009,13.1233,12.9591,13.0734,14.0996,15.6651,18.9281,25.3848,29.2147,22.0633,25.3956,40.8407,82.8620,163.1023,321.1569,641.1758,1284.4536
L1_2_PING_9,0.7834,0.7615,0.7745,0.7863,0.7439,0.7937,13.1756,12.8643,13.3198,13.9878,15.6772,18.8954,25.1708,26.5087,19.2653,23.8625,45.7169,94.3675,182.8313,362.3189,723.1873,1443.5154
L1_2_PING_10,0.7851,0.7563,0.7745,4.1025,0.7761,0.8014,18.4037,13.4689,14.2139,14.9210,16.4438,20.0479,30.5905,27.9520,21.1618,26.1473,50.9294,101.8588,201.4807,402.1569,802.8017,1603.1884
L1_2_PING_11,0.8013,0.8217,0.7625,0.7760,0.8243,0.7524,14.2785,14.1876,14.7788,15.2287,17.0462,20.7798,27.3941,28.2658,22.3308,30.0102,59.6870,112.8013,221.9680,442.2231,882.7124,1762.3050
L1_2_PING_12,0.7874,0.7829,0.7537,0.7473,0.7899,0.8028,14.3847,14.1507,19.2335,15.8247,17.1783,20.7558,27.8097,28.6160,31.5601,31.3210,60.6768,122.1464,242.0178,483.6736,963.6026,1921.0670
L1_2_PING_13,0.8046,0.7886,0.7877,0.7760,0.7821,0.7722,13.4821,13.3476,16.5815,14.4621,16.2601,19.4439,26.1058,28.8922,22.3313,33.8037,65.7367,132.0788,266.8857,522.7931,1042.7433,2081.1898
L1_2_PING_14,0.9380,0.8952,0.8722,0.9060,0.8354,0.8620,14.5616,14.2076,17.8145,15.3755,17.2778,20.7661,27.6305,29.6271,23.1604,36.3797,70.9590,142.8365,282.5179,562.8522,1122.7599,2243.3783
L1_2_PING_15,0.8842,0.8737,0.8775,0.8874,0.8406,0.9016,14.9256,14.4776,17.0016,16.1959,18.5281,22.3409,29.6725,32.6071,25.2527,38.8835,76.1173,152.7808,302.5193,602.8605,1202.2042,2402.5937
L1_2_PING_16,0.9460,0.8927,0.8927,0.8897,0.8671,0.9448,13.8231,13.3922,16.3949,14.5707,16.3279,19.6983,27.1488,28.9042,23.6638,42.5880,81.3369,163.8418,323.0100,643.3316,1281.7721,2557.9175
L1_2_PING_17,0.9434,0.8696,0.8600,0.8602,0.8503,0.8751,20.3142,19.6049,20.1231,21.3854,23.4815,28.6710,37.5235,40.3389,27.3231,45.3825,86.6745,174.1359,343.5414,682.8578,1362.4585,2714.7610
L1_2_PING_18,1.0346,1.0481,1.0683,1.0631,1.0039,1.0505,18.9888,14.9246,15.5460,16.0611,17.6293,26.8733,29.5273,42.3915,29.3310,47.1626,91.6505,187.3881,362.7888,722.0745,1438.8367,2879.4910
L1_2_PING_19,6.1820,0.9614,0.9501,0.9119,0.9530,0.9538,22.9491,18.4409,19.0344,22.8266,24.9786,26.7863,35.7280,39.5749,29.9871,48.8347,96.5854,192.1449,382.0497,762.0500,1517.1423,3041.2806
L1_2_PING_20,1.1302,1.0652,0.9878,1.0130,1.0054,1.0103,20.4310,17.7771,18.2559,19.4331,24.0713,26.1539,35.4958,36.5561,31.7645,52.0290,101.8259,203.1038,401.7589,802.1461,1600.5291,3198.4652
L1_2_PING_21,1.1284,1.0725,0.9703,1.0804,1.0880,1.0675,22.3807,20.8633,22.0698,23.1061,25.7088,31.5550,42.4494,42.3682,32.0752,54.4560,107.3076,214.0838,422.1150,841.7238,1676.9619,3360.4244
L1_2_PING_22,1.1234,1.0398,1.0696,1.0910,1.0634,1.0214,21.7117,26.6740,28.0667,29.5793,26.2393,31.6015,40.0306,44.7632,34.0701,57.0321,111.4992,223.2072,459.9973,889.6813,1763.7278,3519.2045
L1_2_PING_23,1.1532,1.0730,1.1607,1.0866,1.1146,1.1289,18.4138,26.0457,26.7696,25.7357,22.9725,24.9682,32.2677,34.4471,37.1282,59.6596,116.6432,245.5920,463.3174,919.9101,1838.5846,3676.6384
L1_2_PING_24,1.1728,1.1609,1.1208,1.0813,1.0899,1.0821,17.0572,23.0569,23.4374,24.3867,22.8202,25.8006,35.3788,45.6265,36.2312,62.0319,121.6419,253.6901,481.3189,963.0570,1922.1975,3835.1013
L1_2_PING_25,1.1732,1.1199,1.1668,1.1502,1.1660,1.1480,25.6563,22.5258,22.7332,23.3950,26.0230,32.5144,43.7208,51.0139,54.8315,65.8454,128.0045,263.1367,508.3623,1003.0552,1998.9230,3992.3512
L1_2_PING_26,1.2222,1.2100,1.2112,1.1360,1.1236,1.1436,28.5748,32.4394,28.1077,32.2087,35.7923,40.1203,58.0666,59.8529,40.7597,69.4445,132.1391,266.7370,523.6887,1060.9247,2082.1527,4154.9621
L1_2_PING_27,1.4655,1.3516,1.4251,1.4344,1.3944,1.4019,27.8262,29.6686,30.8033,32.6421,36.1259,43.6353,57.1596,60.8512,44.9110,74.0675,137.0719,285.3625,543.5786,1083.4183,2162.4545,4315.3150
L1_2_PING_28,1.4682,1.4855,1.4604,1.6548,1.4366,1.4662,32.4684,31.6514,33.0318,34.8033,38.8785,47.4629,62.6480,67.7985,44.3155,76.0937,143.8297,287.9089,562.3523,1123.7358,2237.1065,4474.9635
L1_2_PING_29,1.4005,1.3614,1.4048,5.2725,1.2787,1.3237,28.3824,34.3946,34.9204,39.1995,41.9993,50.8352,67.6595,70.8487,61.2312,79.6502,150.5219,293.4393,584.9644,1163.5281,2318.4987,4632.9158
L1_2_PING_30,0.2801,0.2791,0.2768,0.2753,0.2834,0.2980,1.1102,1.0644,1.7731,1.3865,1.6598,2.7764,5.2494,10.3288,44.9758,76.8224,151.1552,301.2632,600.2631,1197.3572,2395.6857,4789.7445
L1_2_PINGPONG_1,2.5321,2.5522,2.5406,2.5328,2.5193,2.6247,2.7339,2.7995,3.0550,3.1880,3.3996,4.3893,5.8159,7.1990,12.5286,13.1361,15.6873,21.8177,31.8214,52.0372,92.3124,174.0851
L1_2_PINGPONG_2,2.6937,2.7397,2.6944,2.6814,2.6728,2.7844,3.1315,3.1623,3.5114,3.6753,3.9283,5.0741,6.6953,8.1904,13.0383,13.8753,17.9513,25.2977,40.0941,78.5702,157.6425,320.3530
L1_2_PINGPONG_3,2.6875,2.6939,2.6957,2.7020,2.7037,2.8371,3.1764,3.5394,3.9216,4.0471,4.1501,5.2258,6.8924,8.3547,13.2703,14.3152,19.6112,29.5057,50.2780,92.5371,173.9617,370.1439
L1_2_PINGPONG_4,2.7006,2.7047,2.6958,2.6927,2.7089,2.8372,3.2287,3.5216,3.8955,3.9942,4.3384,5.5647,7.0845,8.3476,13.3967,15.4871,21.9808,32.5844,60.0763,116.0293,233.6004,460.1653
L1_2_PINGPONG_5,2.7167,2.6994,2.7015,2.7186,2.7216,2.8272,3.1883,3.5620,3.9304,3.9447,4.3130,5.5075,6.9282,8.3748,13.3341,15.8061,23.7558,41.8487,69.9881,130.8644,259.3957,521.9023
L1_2_PINGPONG_6,2.6854,2.7185,2.7183,2.7033,2.7152,2.8236,3.1664,3.5475,3.9530,4.0661,4.3200,5.4285,6.8941,8.3253,13.9881,20.2552,27.8530,42.1001,82.1720,153.0629,318.2591,638.7131
L1_2_PINGPONG_7,2.6345,2.6836,3.1374,2.6332,2.6429,5.3188,3.4971,3.5096,6.3028,4.0559,6.7407,5.7894,9.8910,9.1699,15.5788,18.2405,28.0409,47.2868,91.9227,183.8692,345.2744,732.3772
L1_2_PINGPONG_8,2.6736,2.6504,2.6574,2.6522,2.6502,2.7490,3.4979,3.5183,6.1548,4.0252,4.3698,5.7404,7.5634,11.4019,14.2480,18.3754,28.2434,51.8920,107.5422,195.3851,393.3983,783.8755
L1_2_PINGPONG_9,2.6575,2.6721,2.6716,2.6449,2.6512,2.7377,3.4846,3.5190,3.9338,4.0325,4.3598,5.7392,7.5963,9.0702,14.9124,19.5045,30.8238,57.5161,116.3522,227.6163,439.7203,900.4376
L1_2_PINGPONG_10,2.6432,2.6348,2.6296,2.6128,2.6149,2.7237,3.5144,3.5326,3.9519,4.0423,4.3747,5.8089,7.6442,9.1185,15.6359,20.0833,33.2331,63.0034,128.4368,258.0241,533.6198,993.4258
L1_2_PINGPONG_11,2.6331,2.6249,2.6263,2.6234,2.6200,2.7048,3.4962,3.5189,3.9342,4.0852,4.4020,5.7975,7.6451,9.2062,16.3486,20.0544,35.4363,69.8542,154.4927,297.1402,547.3664,1054.9024
L1_2_PINGPONG_12,2.6100,2.6228,2.6217,2.6170,2.6093,2.7000,3.4920,3.5259,3.9601,4.0630,4.4133,5.8467,7.7172,9.3303,16.1434,21.3932,39.2563,79.2272,161.6819,325.2621,608.5038,1244.9138
L1_2_PINGPONG_13,2.6169,3.0186,2.6147,2.6160,2.6128,2.6916,3.4761,3.5009,3.9282,4.0529,4.3914,5.7743,7.6337,9.2551,16.3847,22.2392,42.2194,86.1384,181.3644,325.4041,668.5203,1251.1122
L1_2_PINGPONG_14,3.0040,2.6043,2.6180,2.5940,2.5872,2.6653,3.4739,3.5372,3.9622,4.3824,4.8427,6.3644,8.2597,10.0407,17.8946,23.3291,45.8989,93.1787,178.6778,342.8806,669.9410,1486.7242
L1_2_PINGPONG_15,2.6100,2.6155,2.6106,2.6015,2.5868,2.7722,3.4838,3.4996,3.8893,4.0463,4.4098,5.8028,7.6801,9.4055,17.4923,24.8133,49.3690,97.8215,188.6139,354.0288,703.0626,1353.9166
L1_2_PINGPONG_16,2.6156,2.6263,2.6211,2.6011,2.6123,2.6892,3.5074,3.5065,3.9263,4.0942,4.4391,5.9188,7.8061,9.5591,16.6312,26.3974,53.8418,103.3016,206.6026,384.0564,744.9474,1470.8267
L1_2_PINGPONG_17,2.6138,2.6115,2.6138,2.5965,2.6067,2.6877,3.4962,3.5088,4.1373,4.2426,4.6355,5.9550,7.7710,9.5754,17.7154,28.2733,57.2378,108.8833,215.5576,411.7882,778.6648,1553.6273
L1_2_PINGPONG_18,2.6084,2.6079,2.6155,2.6097,2.6029,4.8986,3.5055,3.5691,4.1643,4.2623,4.6437,5.8551,7.8281,11.5922,19.2149,30.8361,62.2656,119.8558,237.9835,436.4017,835.9399,1641.7934
L1_2_PINGPONG_19,4.6661,3.0077,2.6111,2.6139,4.7631,2.6868,3.4944,3.5580,4.3609,9.1470,6.6302,7.8235,10.4645,12.2054,18.4274,33.4915,67.4491,133.7955,255.8537,453.2694,857.1592,1705.2977
L1_2_PINGPONG_20,2.6229,2.6135,3.2152,2.5888,2.5976,2.6830,3.5039,3.5719,4.4800,4.5574,4.8943,6.0923,7.9118,9.8203,19.6768,37.9110,78.0784,151.7107,274.9504,480.8922,901.0654,1816.1206
L1_2_PINGPONG_21,2.6299,2.6347,2.6392,2.6120,2.6185,2.7015,3.4908,3.5492,4.2135,4.2761,4.7015,5.8589,7.9513,9.9022,21.4185,40.8570,83.2427,155.5497,281.0807,498.0428,953.0081,1916.0404
L1_2_PINGPONG_22,2.6109,4.8166,2.6156,2.9854,2.6061,2.6846,3.6083,3.6408,4.4059,4.5310,4.9871,5.8957,8.0816,10.0689,22.4022,43.3727,86.0875,167.3750,299.3378,514.0684,1001.1144,1928.0808
L1_2_PINGPONG_23,4.2699,4.8965,2.6008,2.6143,2.6102,2.6762,3.6052,3.5989,4.3591,4.4658,4.8789,5.8733,8.1087,10.1323,22.7631,49.0592,90.3372,172.1870,312.9503,532.1971,1036.9407,2021.4219
L1_2_PINGPONG_24,2.6063,2.6079,2.6024,3.0131,2.6076,2.6797,3.5314,3.8433,4.3283,4.4756,4.9056,5.8440,8.0246,10.1232,24.9256,50.3786,94.3646,181.6697,325.4917,569.3121,1060.5116,2109.8139
L1_2_PINGPONG_25,5.2717,2.6304,4.5577,3.2901,2.6107,2.6961,5.3947,3.5756,4.9974,4.5331,4.9415,7.8631,10.5272,10.3048,26.5706,53.3615,95.6539,181.0084,334.0159,575.8711,1100.3465,2192.1633
L1_2_PINGPONG_26,2.8149,2.9168,2.8420,2.6101,2.7770,2.6966,3.5351,3.5606,4.4409,4.5177,5.2990,5.9737,8.2552,11.1197,28.4773,57.3070,101.8255,195.0460,354.2780,598.0186,1140.3132,2293.0496
L1_2_PINGPONG_27,2.6144,2.6228,2.6190,3.0144,2.6117,2.6994,3.5507,3.5763,4.5252,4.5842,4.9656,7.5538,8.3251,10.3916,30.6231,60.1352,109.1639,196.8394,363.2335,614.4980,1197.7206,2361.7607
L1_2_PINGPONG_28,2.6085,3.0467,2.6260,2.6413,2.6087,2.6908,5.5718,4.4138,6.3364,4.5527,4.9699,6.0006,10.4179,12.0429,31.9489,62.7373,117.4816,209.1616,382.8367,641.0945,1234.0489,2464.8562
L1_2_PINGPONG_29,3.0070,2.9905,2.6105,4.8350,2.6134,2.7124,3.5893,3.9771,4.5015,4.6226,4.9951,5.9684,8.3950,10.6886,34.2336,64.4332,119.9265,214.5366,385.7550,660.5619,1280.9732,2503.8230
L1_2_PINGPONG_30,4.7380,2.6068,2.6276,2.6174,4.9799,5.1165,3.5765,3.6079,6.3885,6.6376,4.9610,6.0484,10.9872,12.5037,35.1368,68.3466,126.7962,228.1828,393.8428,673.0184,1300.5540,2598.1162
L1_2_DUPLEX_1,2.6065,2.6145,2.6083,2.6037,2.6010,2.6866,2.7904,2.8328,3.2807,3.4217,3.6497,4.4574,5.8819,7.2878,15.4940,15.9758,20.5205,26.6051,37.1503,58.2104,103.0994,187.6324
L1_2_DUPLEX_2,2.6972,2.7105,2.6933,2.7230,2.7050,2.7721,3.2105,3.2711,3.7573,3.9133,4.1982,5.1413,6.8557,8.3460,16.0491,16.8843,22.9159,31.5757,44.3830,84.3356,166.1992,332.0813
L1_2_DUPLEX_3,2.7478,2.7355,2.7667,2.7318,2.7494,2.8256,3.2268,3.6298,4.1609,4.1697,4.2461,5.2473,6.9281,8.4942,16.3992,18.0019,26.4157,37.5014,64.1359,125.2574,253.4050,496.7269
L1_2_DUPLEX_4,2.7588,2.7347,2.7437,2.7155,2.7218,2.8281,3.2921,3.6555,4.1932,4.2082,4.5496,5.2125,6.8571,8.4772,16.4938,19.6641,30.1070,45.4250,86.9138,173.7788,341.0638,670.7392
L1_2_DUPLEX_5,2.7576,2.7902,2.7316,2.7381,2.7680,2.8669,3.2784,3.6388,4.1775,4.2390,4.5530,5.2687,6.9773,8.4687,17.4783,21.1726,32.7478,55.7710,109.5779,211.6440,418.6597,841.5039
L1_2_DUPLEX_6,2.7631,2.7223,2.7425,2.7257,2.7401,2.8525,3.3582,3.6570,4.0805,4.2950,4.5846,5.3211,6.9594,8.6239,17.4286,23.2138,36.4548,66.3147,133.6540,252.1407,500.1378,999.3776
L1_2_DUPLEX_7,2.7181,2.7237,2.7168,2.7140,2.7171,2.7937,3.6556,4.2929,4.1744,4.3361,4.7165,5.8442,7.8998,9.3906,18.0766,25.6292,41.3306,97.0351,151.9653,297.1726,594.4866,1204.3019
L1_2_DUPLEX_8,7.1404,2.6963,2.6988,2.6946,2.7268,7.3916,7.8455,3.7280,4.2055,9.3232,4.6986,5.9675,7.8919,9.4378,19.4272,26.4018,46.7387,88.9297,172.8956,342.8025,672.5316,1357.9754
L1_2_DUPLEX_9,2.7227,6.8021,2.7339,2.7249,8.3990,8.1147,3.6455,3.7096,4.2171,4.3794,4.7084,5.9155,12.2250,14.1637,19.0403,27.8595,51.2419,97.6896,192.1240,377.2175,749.2423,1499.4251
L1_2_DUPLEX_10,2.7145,2.7433,2.7027,2.6843,2.6933,2.7817,3.7344,8.4809,4.2829,4.4310,9.4750,6.0447,12.4529,9.6517,20.8263,30.5274,57.0597,110.5327,214.8745,423.5120,847.1884,1688.4382
L1_2_DUPLEX_11,2.7076,2.7122,2.6979,2.6961,2.6690,2.7759,3.6561,3.6939,4.2046,4.3466,4.7304,6.0145,7.9647,9.7652,23.0398,33.1365,62.7217,121.2973,239.1534,471.8849,941.9036,1883.0095
L1_2_DUPLEX_12,2.7235,2.7193,2.7351,2.6987,2.6899,2.7694,3.6371,3.6836,4.2221,4.3884,4.7218,5.9911,7.9312,9.7250,22.0420,35.9530,68.6620,133.4983,266.2006,524.7974,1038.4992,2080.4359
L1_2_DUPLEX_13,2.7331,2.7124,2.6991,2.7043,2.6970,2.7646,3.6876,3.7117,4.2053,4.3664,4.7628,6.0358,7.9433,9.9094,23.2730,38.9940,74.8926,145.9452,287.1125,564.0925,1122.2678,2200.9944
L1_2_DUPLEX_14,2.6915,2.6817,2.6823,2.6759,2.6741,2.7689,3.6965,3.7341,4.2569,4.4054,4.7978,6.0473,7.9847,9.8184,24.5905,42.0139,80.4428,159.1549,317.6146,607.6061,1200.6129,2384.3203
L1_2_DUPLEX_15,2.7104,2.6898,2.6950,2.6719,2.6922,2.7598,4.0332,3.6662,4.2096,4.3702,4.7767,6.0562,8.0226,10.1876,26.7677,44.9274,87.0848,172.5364,343.6316,650.9304,1283.5408,2547.0121
L1_2_DUPLEX_16,2.7567,2.7142,2.7158,2.6843,2.7559,2.7564,3.6640,3.6596,4.1777,4.3717,4.7568,6.1118,8.1014,10.1837,25.8198,48.3840,94.7770,191.0448,370.2522,697.8544,1356.1200,2737.0935
L1_2_DUPLEX_17,2.7021,2.6819,2.7036,2.6688,2.6863,2.7564,3.6910,3.7090,4.3419,4.4426,4.8582,6.1491,8.1096,10.3053,31.0102,51.8067,100.4698,198.9719,382.9361,725.4856,1429.6488,2861.4248
L1_2_DUPLEX_18,2.7025,2.7065,2.7094,2.6828,2.7035,2.7578,3.6777,3.7667,4.7146,4.7130,5.0298,6.1189,8.1708,10.4523,34.9787,55.5482,107.8020,214.1672,410.8698,775.3717,1513.2896,3017.7238
L1_2_DUPLEX_19,2.7021,3.8921,2.6893,2.6953,3.8925,2.7509,3.6894,4.8611,4.5788,4.6831,6.0162,6.1676,8.4094,10.8877,35.8935,58.2342,117.3606,245.0863,434.6062,810.8454,1592.0332,3185.7837
L1_2_DUPLEX_20,2.6914,2.7199,2.7186,7.5958,2.6872,2.7701,3.6509,3.7005,4.4058,8.5923,4.9821,9.8798,12.7794,11.9857,36.5119,61.1887,124.3935,263.0646,457.9869,850.0811,1675.1186,3358.5214
L1_2_DUPLEX_21,2.6986,2.6927,7.5013,2.7042,6.9494,2.7699,3.6827,3.7229,9.0281,4.6254,4.9967,6.0946,8.4852,10.9323,37.4829,64.4502,129.7308,269.8848,476.0613,886.5910,1748.1266,3520.1567
L1_2_DUPLEX_22,2.6787,2.6919,2.6787,2.6868,2.6933,2.7786,3.7230,3.7737,4.5293,4.6272,5.0893,7.3733,10.6538,11.4614,39.8220,68.2656,137.6765,297.4038,501.2297,932.5806,1844.5408,3670.1827
L1_2_DUPLEX_23,2.6815,2.6824,2.6809,2.6665,2.6816,2.7561,5.0752,3.7784,4.5939,4.7148,5.1905,6.1568,8.6742,11.4538,41.2189,71.3489,145.2583,321.7566,509.4205,965.5093,1929.9590,3852.8890
L1_2_DUPLEX_24,2.6856,2.6716,2.6760,2.7812,2.6702,2.7710,3.7206,3.7583,5.5516,4.6094,5.1134,6.2515,8.7820,11.4932,43.3355,74.2244,153.8956,330.8090,541.2075,1010.3238,2012.4444,4015.7283
L1_2_DUPLEX_25,2.7048,2.6957,2.6862,2.6837,2.6743,2.7640,3.7602,3.7789,4.6023,4.7750,5.2377,6.1930,8.8494,11.9790,45.6599,80.9261,161.6194,328.7671,560.1793,1049.9995,2092.8920,4181.9150
L1_2_DUPLEX_26,2.6971,7.9170,7.5658,2.6837,2.7273,2.8257,7.4855,8.6643,4.5913,4.7646,5.2636,6.4018,13.8721,15.1625,47.2427,85.7812,167.5208,352.6324,579.6696,1093.7060,2172.5754,4350.0340
L1_2_DUPLEX_27,2.7097,2.7025,2.7068,2.7152,2.6808,2.7813,3.7390,3.7655,4.6749,4.7402,5.2403,6.6501,9.1839,12.0934,49.0016,86.5266,174.8197,356.4060,600.6177,1132.5122,2277.5267,4538.5343
L1_2_DUPLEX_28,27.4393,2.7793,2.6919,2.6853,2.7786,2.8532,3.7855,3.8018,4.6362,4.7413,5.2168,6.5205,9.3414,12.0965,57.0363,92.2021,180.9234,387.5599,617.5102,1182.2200,2349.0316,4699.4925
L1_2_DUPLEX_29,2.7015,2.6959,2.7042,2.6901,2.7339,2.7693,3.7734,3.8007,4.6511,4.7460,6.0228,6.3913,9.4877,12.8594,51.0438,92.3238,186.6587,387.2983,649.8711,1221.4896,2432.1548,4875.6424
L1_2_DUPLEX_30,2.7194,2.7204,2.9446,2.6978,2.6858,9.7709,3.7692,3.7949,5.9105,6.0326,5.2751,6.4449,9.6572,13.2185,85.8405,95.4644,192.3483,406.9586,674.2978,1267.7271,2525.4881,5051.7750